index,ID
0,MEDLINE:95369245
1,MEDLINE:95333264
2,MEDLINE:95343554
3,MEDLINE:95347379
4,MEDLINE:95280913
5,MEDLINE:95256242
6,MEDLINE:95338146
7,MEDLINE:95266275
8,MEDLINE:95236292
9,MEDLINE:95197524
10,MEDLINE:95370702
11,MEDLINE:95349600
12,MEDLINE:95329717
13,MEDLINE:96075792
14,MEDLINE:95280917
15,MEDLINE:95263486
16,MEDLINE:95397944
17,MEDLINE:95266282
18,MEDLINE:95236293
19,MEDLINE:95184007
20,MEDLINE:95388524
21,MEDLINE:95365382
22,MEDLINE:96032864
23,MEDLINE:95327953
24,MEDLINE:95340873
25,MEDLINE:95280909
26,MEDLINE:96055286
27,MEDLINE:95337737
28,MEDLINE:95266250
29,MEDLINE:96082382
30,MEDLINE:95362365
31,MEDLINE:95365357
32,MEDLINE:96007705
33,MEDLINE:95332324
34,MEDLINE:96065933
35,MEDLINE:95392577
36,MEDLINE:95287633
37,MEDLINE:95337734
38,MEDLINE:95221892
39,MEDLINE:95202809
40,MEDLINE:95355456
41,MEDLINE:95365343
42,MEDLINE:95363078
43,MEDLINE:95336453
44,MEDLINE:95337142
45,MEDLINE:95355137
46,MEDLINE:95279882
47,MEDLINE:95309632
48,MEDLINE:95221870
49,MEDLINE:95221386
50,MEDLINE:96089572
51,MEDLINE:95363089
52,MEDLINE:95363073
53,MEDLINE:97253017
54,MEDLINE:95279790
55,MEDLINE:95316714
56,MEDLINE:95269137
57,MEDLINE:95256455
58,MEDLINE:95238333
59,MEDLINE:95221342
60,MEDLINE:95394020
61,MEDLINE:95363069
62,MEDLINE:95355533
63,MEDLINE:96030053
64,MEDLINE:95286632
65,MEDLINE:95279435
66,MEDLINE:95257963
67,MEDLINE:95255485
68,MEDLINE:95229576
69,MEDLINE:95197681
70,MEDLINE:95373165
71,MEDLINE:95362854
72,MEDLINE:95329724
73,MEDLINE:95374911
74,MEDLINE:95308691
75,MEDLINE:95261059
76,MEDLINE:95244883
77,MEDLINE:95247773
78,MEDLINE:95204946
79,MEDLINE:95195208
80,MEDLINE:95373132
81,MEDLINE:95355848
82,MEDLINE:95329723
83,MEDLINE:95325614
84,MEDLINE:95298682
85,MEDLINE:95248083
86,MEDLINE:95222739
87,MEDLINE:95238477
88,MEDLINE:95190988
89,MEDLINE:95197545
90,MEDLINE:95161757
91,MEDLINE:95163587
92,MEDLINE:95261816
93,MEDLINE:95074873
94,MEDLINE:96094166
95,MEDLINE:95074049
96,MEDLINE:95197720
97,MEDLINE:95053891
98,MEDLINE:95015835
99,MEDLINE:95127210
100,MEDLINE:95166251
101,MEDLINE:95168272
102,MEDLINE:95263289
103,MEDLINE:96126094
104,MEDLINE:96063336
105,MEDLINE:95116336
106,MEDLINE:95036290
107,MEDLINE:95050523
108,MEDLINE:95014458
109,MEDLINE:95151358
110,MEDLINE:95199654
111,MEDLINE:95156575
112,MEDLINE:95163578
113,MEDLINE:95260531
114,MEDLINE:95074854
115,MEDLINE:96000378
116,MEDLINE:95088506
117,MEDLINE:95194613
118,MEDLINE:95047083
119,MEDLINE:95007565
120,MEDLINE:96091353
121,MEDLINE:95166259
122,MEDLINE:95124333
123,MEDLINE:95236467
124,MEDLINE:95145550
125,MEDLINE:95110353
126,MEDLINE:95072469
127,MEDLINE:95104296
128,MEDLINE:95021266
129,MEDLINE:95009960
130,MEDLINE:95191179
131,MEDLINE:95278601
132,MEDLINE:95123097
133,MEDLINE:95222176
134,MEDLINE:95145523
135,MEDLINE:95110287
136,MEDLINE:95059073
137,MEDLINE:95062301
138,MEDLINE:95178839
139,MEDLINE:95016439
140,MEDLINE:95190013
141,MEDLINE:95152043
142,MEDLINE:95115141
143,MEDLINE:95347767
144,MEDLINE:95311627
145,MEDLINE:95107991
146,MEDLINE:95059037
147,MEDLINE:95077537
148,MEDLINE:95151640
149,MEDLINE:95016436
150,MEDLINE:95186362
151,MEDLINE:95163103
152,MEDLINE:95301128
153,MEDLINE:95138118
154,MEDLINE:95235452
155,MEDLINE:95081587
156,MEDLINE:95056004
157,MEDLINE:95091657
158,MEDLINE:95036334
159,MEDLINE:95015010
160,MEDLINE:95173590
161,MEDLINE:95130292
162,MEDLINE:95287902
163,MEDLINE:95129555
164,MEDLINE:95234639
165,MEDLINE:95121921
166,MEDLINE:95053781
167,MEDLINE:95065655
168,MEDLINE:95015876
169,MEDLINE:95010257
170,MEDLINE:95166264
171,MEDLINE:95169271
172,MEDLINE:95276747
173,MEDLINE:96146856
174,MEDLINE:96071057
175,MEDLINE:95100937
176,MEDLINE:95053740
177,MEDLINE:95052601
178,MEDLINE:95014473
179,MEDLINE:95152321
180,MEDLINE:94361146
181,MEDLINE:94347089
182,MEDLINE:95187990
183,MEDLINE:94253152
184,MEDLINE:95011022
185,MEDLINE:94209877
186,MEDLINE:94217726
187,MEDLINE:94281746
188,MEDLINE:94183204
189,MEDLINE:94285937
190,MEDLINE:94365323
191,MEDLINE:94339116
192,MEDLINE:94303183
193,MEDLINE:94265262
194,MEDLINE:95023587
195,MEDLINE:94217690
196,MEDLINE:94338593
197,MEDLINE:94289333
198,MEDLINE:94183209
199,MEDLINE:94289294
200,MEDLINE:95001805
201,MEDLINE:94344126
202,MEDLINE:94329809
203,MEDLINE:95152420
204,MEDLINE:94259822
205,MEDLINE:95003681
206,MEDLINE:94209654
207,MEDLINE:94202265
208,MEDLINE:95001542
209,MEDLINE:94181565
210,MEDLINE:94375892
211,MEDLINE:94344108
212,MEDLINE:94327655
213,MEDLINE:94330935
214,MEDLINE:94254835
215,MEDLINE:94246160
216,MEDLINE:94202312
217,MEDLINE:94235006
218,MEDLINE:94347465
219,MEDLINE:94169380
220,MEDLINE:95014190
221,MEDLINE:94340810
222,MEDLINE:94327512
223,MEDLINE:94314962
224,MEDLINE:94246743
225,MEDLINE:94259178
226,MEDLINE:94202306
227,MEDLINE:94216261
228,MEDLINE:94200898
229,MEDLINE:95011572
230,MEDLINE:94376879
231,MEDLINE:95162017
232,MEDLINE:94327547
233,MEDLINE:94267876
234,MEDLINE:94240241
235,MEDLINE:94240138
236,MEDLINE:94375000
237,MEDLINE:94209308
238,MEDLINE:94185011
239,MEDLINE:94242719
240,MEDLINE:94367369
241,MEDLINE:95134788
242,MEDLINE:94341725
243,MEDLINE:94267706
244,MEDLINE:94375097
245,MEDLINE:94230451
246,MEDLINE:94331553
247,MEDLINE:94209322
248,MEDLINE:94179250
249,MEDLINE:94190839
250,MEDLINE:94358417
251,MEDLINE:95032566
252,MEDLINE:94331016
253,MEDLINE:95031992
254,MEDLINE:94318550
255,MEDLINE:94238904
256,MEDLINE:95012031
257,MEDLINE:94216500
258,MEDLINE:94179241
259,MEDLINE:94172207
260,MEDLINE:94358411
261,MEDLINE:94335073
262,MEDLINE:94313679
263,MEDLINE:94289707
264,MEDLINE:94312466
265,MEDLINE:94238882
266,MEDLINE:95003956
267,MEDLINE:94187105
268,MEDLINE:94194029
269,MEDLINE:94167865
270,MEDLINE:94350980
271,MEDLINE:94354848
272,MEDLINE:95081342
273,MEDLINE:94274683
274,MEDLINE:94278430
275,MEDLINE:94217708
276,MEDLINE:95000924
277,MEDLINE:94338582
278,MEDLINE:94184956
279,MEDLINE:94151007
280,MEDLINE:94129004
281,MEDLINE:94134077
282,MEDLINE:94166578
283,MEDLINE:94314370
284,MEDLINE:97113352
285,MEDLINE:97127169
286,MEDLINE:97074532
287,MEDLINE:97107281
288,MEDLINE:97048062
289,MEDLINE:97056026
290,MEDLINE:94140841
291,MEDLINE:94110603
292,MEDLINE:94214477
293,MEDLINE:96063079
294,MEDLINE:97175006
295,MEDLINE:97128276
296,MEDLINE:97074543
297,MEDLINE:97177471
298,MEDLINE:97066958
299,MEDLINE:97103140
300,MEDLINE:94285936
301,MEDLINE:94120719
302,MEDLINE:94118533
303,MEDLINE:94290489
304,MEDLINE:94107268
305,MEDLINE:97113313
306,MEDLINE:97126060
307,MEDLINE:97069862
308,MEDLINE:97087515
309,MEDLINE:97047773
310,MEDLINE:94284067
311,MEDLINE:94119088
312,MEDLINE:94110361
313,MEDLINE:94280766
314,MEDLINE:99035056
315,MEDLINE:97112990
316,MEDLINE:97098712
317,MEDLINE:97067175
318,MEDLINE:97083588
319,MEDLINE:97047769
320,MEDLINE:94281402
321,MEDLINE:94119067
322,MEDLINE:94110342
323,MEDLINE:95072277
324,MEDLINE:98128482
325,MEDLINE:97131617
326,MEDLINE:97098688
327,MEDLINE:97064186
328,MEDLINE:97081192
329,MEDLINE:97047764
330,MEDLINE:95104037
331,MEDLINE:94249033
332,MEDLINE:94088534
333,MEDLINE:94101543
334,MEDLINE:98048869
335,MEDLINE:97140237
336,MEDLINE:97098661
337,MEDLINE:97081063
338,MEDLINE:97080592
339,MEDLINE:97047763
340,MEDLINE:94148994
341,MEDLINE:94230583
342,MEDLINE:94076456
343,MEDLINE:95201644
344,MEDLINE:97115684
345,MEDLINE:97138090
346,MEDLINE:97051521
347,MEDLINE:97088634
348,MEDLINE:97079135
349,MEDLINE:97045131
350,MEDLINE:94149008
351,MEDLINE:94224239
352,MEDLINE:94075814
353,MEDLINE:95193668
354,MEDLINE:97175274
355,MEDLINE:97132074
356,MEDLINE:97083501
357,MEDLINE:97060432
358,MEDLINE:97070945
359,MEDLINE:97042487
360,MEDLINE:94155850
361,MEDLINE:94193110
362,MEDLINE:94266606
363,MEDLINE:95154979
364,MEDLINE:97115792
365,MEDLINE:97132051
366,MEDLINE:97128814
367,MEDLINE:97182951
368,MEDLINE:97069908
369,MEDLINE:97048170
370,MEDLINE:94151327
371,MEDLINE:94132650
372,MEDLINE:94243031
373,MEDLINE:95127261
374,MEDLINE:97152553
375,MEDLINE:97131823
376,MEDLINE:97108656
377,MEDLINE:97182946
378,MEDLINE:97066996
379,MEDLINE:97057230
380,MEDLINE:97135341
381,MEDLINE:96437028
382,MEDLINE:96399059
383,MEDLINE:96409274
384,MEDLINE:96323085
385,MEDLINE:96324890
386,MEDLINE:96357043
387,MEDLINE:96291858
388,MEDLINE:96290415
389,MEDLINE:96251346
390,MEDLINE:97011146
391,MEDLINE:96437048
392,MEDLINE:96420243
393,MEDLINE:97026428
394,MEDLINE:96323103
395,MEDLINE:96320558
396,MEDLINE:96369636
397,MEDLINE:96353908
398,MEDLINE:96344715
399,MEDLINE:96272884
400,MEDLINE:96421639
401,MEDLINE:97132479
402,MEDLINE:96413305
403,MEDLINE:96404971
404,MEDLINE:96409256
405,MEDLINE:96355439
406,MEDLINE:97031819
407,MEDLINE:96358388
408,MEDLINE:96289501
409,MEDLINE:96295969
410,MEDLINE:97051821
411,MEDLINE:97119289
412,MEDLINE:96413292
413,MEDLINE:96397543
414,MEDLINE:96406504
415,MEDLINE:96355428
416,MEDLINE:97024837
417,MEDLINE:96330347
418,MEDLINE:96293454
419,MEDLINE:96285641
420,MEDLINE:97028169
421,MEDLINE:97118356
422,MEDLINE:96413288
423,MEDLINE:96397528
424,MEDLINE:96387353
425,MEDLINE:96392389
426,MEDLINE:97024832
427,MEDLINE:96338163
428,MEDLINE:96279126
429,MEDLINE:96305203
430,MEDLINE:97025459
431,MEDLINE:97083787
432,MEDLINE:96413274
433,MEDLINE:96382512
434,MEDLINE:96355009
435,MEDLINE:96365473
436,MEDLINE:97016536
437,MEDLINE:96315681
438,MEDLINE:97108276
439,MEDLINE:96305196
440,MEDLINE:97025433
441,MEDLINE:97061522
442,MEDLINE:96413262
443,MEDLINE:96382507
444,MEDLINE:96354999
445,MEDLINE:96322738
446,MEDLINE:97006605
447,MEDLINE:96320605
448,MEDLINE:97025698
449,MEDLINE:96305192
450,MEDLINE:97025427
451,MEDLINE:97054663
452,MEDLINE:96413233
453,MEDLINE:96382503
454,MEDLINE:96347533
455,MEDLINE:96322726
456,MEDLINE:97006603
457,MEDLINE:96320604
458,MEDLINE:96405269
459,MEDLINE:96264685
460,MEDLINE:97032774
461,MEDLINE:97054651
462,MEDLINE:97050805
463,MEDLINE:97058563
464,MEDLINE:96355899
465,MEDLINE:96329578
466,MEDLINE:97000328
467,MEDLINE:96324400
468,MEDLINE:96388957
469,MEDLINE:96264681
470,MEDLINE:97025418
471,MEDLINE:97017504
472,MEDLINE:96427516
473,MEDLINE:97031178
474,MEDLINE:96323172
475,MEDLINE:96329553
476,MEDLINE:96374456
477,MEDLINE:96353916
478,MEDLINE:96320521
479,MEDLINE:96256807
480,MEDLINE:96278851
481,MEDLINE:96247631
482,MEDLINE:96211859
483,MEDLINE:96183254
484,MEDLINE:96180219
485,MEDLINE:96205960
486,MEDLINE:96186497
487,MEDLINE:96173754
488,MEDLINE:96230713
489,MEDLINE:96147310
490,MEDLINE:96278844
491,MEDLINE:96247643
492,MEDLINE:96212948
493,MEDLINE:96203119
494,MEDLINE:96198610
495,MEDLINE:96205972
496,MEDLINE:96228347
497,MEDLINE:96182305
498,MEDLINE:96373868
499,MEDLINE:96144322
500,MEDLINE:96279111
501,MEDLINE:96278909
502,MEDLINE:96221559
503,MEDLINE:96194562
504,MEDLINE:96183228
505,MEDLINE:96338485
506,MEDLINE:96226351
507,MEDLINE:96235996
508,MEDLINE:96216725
509,MEDLINE:96195546
510,MEDLINE:96279101
511,MEDLINE:96239599
512,MEDLINE:96189121
513,MEDLINE:96210575
514,MEDLINE:96198880
515,MEDLINE:96239534
516,MEDLINE:96184651
517,MEDLINE:96202516
518,MEDLINE:96223984
519,MEDLINE:96195539
520,MEDLINE:96268712
521,MEDLINE:97233191
522,MEDLINE:96189110
523,MEDLINE:96200169
524,MEDLINE:96184802
525,MEDLINE:96239524
526,MEDLINE:96310948
527,MEDLINE:96202514
528,MEDLINE:96216453
529,MEDLINE:96226013
530,MEDLINE:96278973
531,MEDLINE:97047122
532,MEDLINE:96189099
533,MEDLINE:96185499
534,MEDLINE:96184791
535,MEDLINE:96239496
536,MEDLINE:96214987
537,MEDLINE:96202494
538,MEDLINE:96190069
539,MEDLINE:96146497
540,MEDLINE:96247530
541,MEDLINE:96440214
542,MEDLINE:96189089
543,MEDLINE:96201643
544,MEDLINE:96224113
545,MEDLINE:96239482
546,MEDLINE:97077077
547,MEDLINE:96202489
548,MEDLINE:96194904
549,MEDLINE:96163492
550,MEDLINE:96264628
551,MEDLINE:96281903
552,MEDLINE:96186742
553,MEDLINE:96195006
554,MEDLINE:96224055
555,MEDLINE:96183906
556,MEDLINE:96201015
557,MEDLINE:96182568
558,MEDLINE:96190579
559,MEDLINE:96190675
560,MEDLINE:96152682
561,MEDLINE:96278836
562,MEDLINE:96247664
563,MEDLINE:96186719
564,MEDLINE:96194982
565,MEDLINE:96215235
566,MEDLINE:96201628
567,MEDLINE:96341625
568,MEDLINE:96190573
569,MEDLINE:96165503
570,MEDLINE:96151964
571,MEDLINE:96278860
572,MEDLINE:96247660
573,MEDLINE:96208140
574,MEDLINE:96194689
575,MEDLINE:96181482
576,MEDLINE:96186978
577,MEDLINE:96228299
578,MEDLINE:96214919
579,MEDLINE:97021709
580,MEDLINE:96144358
581,MEDLINE:96133016
582,MEDLINE:96390735
583,MEDLINE:96136023
584,MEDLINE:99415908
585,MEDLINE:99401563
586,MEDLINE:99382334
587,MEDLINE:99369911
588,MEDLINE:99362923
589,MEDLINE:99353321
590,MEDLINE:99336784
591,MEDLINE:96141062
592,MEDLINE:96405332
593,MEDLINE:96108879
594,MEDLINE:99415939
595,MEDLINE:99406823
596,MEDLINE:99384376
597,MEDLINE:99372175
598,MEDLINE:99360752
599,MEDLINE:99353322
600,MEDLINE:99336788
601,MEDLINE:96140436
602,MEDLINE:96132964
603,MEDLINE:96389043
604,MEDLINE:96141969
605,MEDLINE:99412333
606,MEDLINE:99400649
607,MEDLINE:99380601
608,MEDLINE:99369980
609,MEDLINE:99362759
610,MEDLINE:99356019
611,MEDLINE:96431382
612,MEDLINE:96136291
613,MEDLINE:96320762
614,MEDLINE:96099434
615,MEDLINE:99412310
616,MEDLINE:99398660
617,MEDLINE:99380273
618,MEDLINE:99369970
619,MEDLINE:99362737
620,MEDLINE:99355592
621,MEDLINE:96139448
622,MEDLINE:96176764
623,MEDLINE:96317173
624,MEDLINE:99427884
625,MEDLINE:99408303
626,MEDLINE:99393322
627,MEDLINE:99376409
628,MEDLINE:99370197
629,MEDLINE:99362723
630,MEDLINE:99353876
631,MEDLINE:96152904
632,MEDLINE:97195004
633,MEDLINE:96303658
634,MEDLINE:99428687
635,MEDLINE:99410810
636,MEDLINE:99388640
637,MEDLINE:99376397
638,MEDLINE:99369860
639,MEDLINE:99357094
640,MEDLINE:99352259
641,MEDLINE:96144699
642,MEDLINE:97171572
643,MEDLINE:96262594
644,MEDLINE:99419787
645,MEDLINE:99410809
646,MEDLINE:99388007
647,MEDLINE:99379868
648,MEDLINE:99369690
649,MEDLINE:99357809
650,MEDLINE:99348033
651,MEDLINE:96178227
652,MEDLINE:97126580
653,MEDLINE:96209427
654,MEDLINE:99423690
655,MEDLINE:99408727
656,MEDLINE:99394774
657,MEDLINE:99374665
658,MEDLINE:99367411
659,MEDLINE:99354925
660,MEDLINE:99343400
661,MEDLINE:96141087
662,MEDLINE:97119542
663,MEDLINE:96215633
664,MEDLINE:99423672
665,MEDLINE:99409030
666,MEDLINE:99386942
667,MEDLINE:99377310
668,MEDLINE:99364624
669,MEDLINE:99357867
670,MEDLINE:99344098
671,MEDLINE:96141065
672,MEDLINE:97005399
673,MEDLINE:96184185
674,MEDLINE:99415656
675,MEDLINE:99406845
676,MEDLINE:99386936
677,MEDLINE:99371288
678,MEDLINE:99361939
679,MEDLINE:99357866
680,MEDLINE:99343785
681,MEDLINE:99323953
682,MEDLINE:99308622
683,MEDLINE:99298510
684,MEDLINE:99292681
685,MEDLINE:99288085
686,MEDLINE:99279130
687,MEDLINE:99261844
688,MEDLINE:99255395
689,MEDLINE:99252077
690,MEDLINE:99246501
691,MEDLINE:99323972
692,MEDLINE:99310626
693,MEDLINE:99300859
694,MEDLINE:99292715
695,MEDLINE:99288090
696,MEDLINE:99282915
697,MEDLINE:99263020
698,MEDLINE:99257180
699,MEDLINE:99252081
700,MEDLINE:99244237
701,MEDLINE:99340272
702,MEDLINE:99323946
703,MEDLINE:99305241
704,MEDLINE:99298193
705,MEDLINE:99289427
706,MEDLINE:99288066
707,MEDLINE:99276096
708,MEDLINE:99262580
709,MEDLINE:99254099
710,MEDLINE:99247345
711,MEDLINE:99335895
712,MEDLINE:99315748
713,MEDLINE:99305240
714,MEDLINE:99296093
715,MEDLINE:99289426
716,MEDLINE:99287876
717,MEDLINE:99278386
718,MEDLINE:99262417
719,MEDLINE:99253956
720,MEDLINE:99248398
721,MEDLINE:99333679
722,MEDLINE:99316341
723,MEDLINE:99307406
724,MEDLINE:99295929
725,MEDLINE:99286016
726,MEDLINE:99286232
727,MEDLINE:99272418
728,MEDLINE:99262416
729,MEDLINE:99249588
730,MEDLINE:99248183
731,MEDLINE:99330064
732,MEDLINE:99316282
733,MEDLINE:99307057
734,MEDLINE:99294317
735,MEDLINE:99285633
736,MEDLINE:99286230
737,MEDLINE:99272411
738,MEDLINE:99262847
739,MEDLINE:99249555
740,MEDLINE:99248179
741,MEDLINE:99328623
742,MEDLINE:99315311
743,MEDLINE:99303024
744,MEDLINE:99294118
745,MEDLINE:99285507
746,MEDLINE:99285117
747,MEDLINE:99265951
748,MEDLINE:99262230
749,MEDLINE:99252177
750,MEDLINE:99248162
751,MEDLINE:99329182
752,MEDLINE:99315834
753,MEDLINE:99301235
754,MEDLINE:99296619
755,MEDLINE:99286827
756,MEDLINE:99282947
757,MEDLINE:99260407
758,MEDLINE:99258659
759,MEDLINE:99252157
760,MEDLINE:99248157
761,MEDLINE:99326307
762,MEDLINE:99310960
763,MEDLINE:99303791
764,MEDLINE:99292784
765,MEDLINE:99286816
766,MEDLINE:99282941
767,MEDLINE:99264317
768,MEDLINE:99256996
769,MEDLINE:99252090
770,MEDLINE:99244330
771,MEDLINE:99324612
772,MEDLINE:99310627
773,MEDLINE:99303765
774,MEDLINE:99292717
775,MEDLINE:99286808
776,MEDLINE:99282926
777,MEDLINE:99262272
778,MEDLINE:99256982
779,MEDLINE:99252084
780,MEDLINE:99244281
781,MEDLINE:99240799
782,MEDLINE:99228708
783,MEDLINE:99221321
784,MEDLINE:99218312
785,MEDLINE:99206604
786,MEDLINE:99196242
787,MEDLINE:99190512
788,MEDLINE:99187612
789,MEDLINE:99178629
790,MEDLINE:99170294
791,MEDLINE:99242545
792,MEDLINE:99228859
793,MEDLINE:99223488
794,MEDLINE:99218397
795,MEDLINE:99206664
796,MEDLINE:99201425
797,MEDLINE:99190530
798,MEDLINE:99190650
799,MEDLINE:99182542
800,MEDLINE:99172186
801,MEDLINE:99244916
802,MEDLINE:99240762
803,MEDLINE:99225047
804,MEDLINE:99221887
805,MEDLINE:99216457
806,MEDLINE:99207658
807,MEDLINE:99197861
808,MEDLINE:99190497
809,MEDLINE:99189164
810,MEDLINE:99178617
811,MEDLINE:99244901
812,MEDLINE:99240736
813,MEDLINE:99225046
814,MEDLINE:99217587
815,MEDLINE:99211588
816,MEDLINE:99214587
817,MEDLINE:99194238
818,MEDLINE:99192454
819,MEDLINE:99189160
820,MEDLINE:99178889
821,MEDLINE:99244898
822,MEDLINE:99236847
823,MEDLINE:99225553
824,MEDLINE:99220021
825,MEDLINE:99214329
826,MEDLINE:99203526
827,MEDLINE:99194225
828,MEDLINE:99192449
829,MEDLINE:99184529
830,MEDLINE:99176388
831,MEDLINE:99243471
832,MEDLINE:99236832
833,MEDLINE:99225548
834,MEDLINE:99218532
835,MEDLINE:99209803
836,MEDLINE:99200936
837,MEDLINE:99192785
838,MEDLINE:99192438
839,MEDLINE:99182374
840,MEDLINE:99174774
841,MEDLINE:99242633
842,MEDLINE:99237607
843,MEDLINE:99225313
844,MEDLINE:99218525
845,MEDLINE:99209754
846,MEDLINE:99200786
847,MEDLINE:99192765
848,MEDLINE:99192430
849,MEDLINE:99180473
850,MEDLINE:99177408
851,MEDLINE:99239883
852,MEDLINE:99231886
853,MEDLINE:99223160
854,MEDLINE:99218522
855,MEDLINE:99211949
856,MEDLINE:99200773
857,MEDLINE:99192761
858,MEDLINE:99188724
859,MEDLINE:99180171
860,MEDLINE:99175125
861,MEDLINE:99242525
862,MEDLINE:99233638
863,MEDLINE:99223566
864,MEDLINE:99218482
865,MEDLINE:99210381
866,MEDLINE:99203164
867,MEDLINE:99192743
868,MEDLINE:99189777
869,MEDLINE:99182340
870,MEDLINE:99175479
871,MEDLINE:99242637
872,MEDLINE:99229667
873,MEDLINE:99223528
874,MEDLINE:99218427
875,MEDLINE:99208363
876,MEDLINE:99201482
877,MEDLINE:99192735
878,MEDLINE:99190753
879,MEDLINE:99182530
880,MEDLINE:99172218
881,MEDLINE:99162595
882,MEDLINE:99146379
883,MEDLINE:99138892
884,MEDLINE:99126191
885,MEDLINE:99115659
886,MEDLINE:99098272
887,MEDLINE:99078032
888,MEDLINE:98208264
889,MEDLINE:98133462
890,MEDLINE:98104470
891,MEDLINE:99161827
892,MEDLINE:99150505
893,MEDLINE:99138943
894,MEDLINE:99134363
895,MEDLINE:99115672
896,MEDLINE:99102381
897,MEDLINE:99078033
898,MEDLINE:98208270
899,MEDLINE:98140255
900,MEDLINE:98104475
901,MEDLINE:99170284
902,MEDLINE:99158164
903,MEDLINE:99147045
904,MEDLINE:99138825
905,MEDLINE:99125803
906,MEDLINE:99115412
907,MEDLINE:99102085
908,MEDLINE:99077977
909,MEDLINE:98208262
910,MEDLINE:98124483
911,MEDLINE:99168501
912,MEDLINE:99156941
913,MEDLINE:99147030
914,MEDLINE:99138796
915,MEDLINE:99120322
916,MEDLINE:99107758
917,MEDLINE:99099017
918,MEDLINE:99102590
919,MEDLINE:98168883
920,MEDLINE:98039716
921,MEDLINE:99166958
922,MEDLINE:99154742
923,MEDLINE:99145033
924,MEDLINE:99138988
925,MEDLINE:99120900
926,MEDLINE:99107757
927,MEDLINE:99098921
928,MEDLINE:99111186
929,MEDLINE:98030536
930,MEDLINE:98076121
931,MEDLINE:99166942
932,MEDLINE:99155344
933,MEDLINE:99145586
934,MEDLINE:99137815
935,MEDLINE:99118181
936,MEDLINE:99106021
937,MEDLINE:99091640
938,MEDLINE:99030293
939,MEDLINE:98158921
940,MEDLINE:98073333
941,MEDLINE:99168986
942,MEDLINE:99155339
943,MEDLINE:99142609
944,MEDLINE:99137801
945,MEDLINE:99113747
946,MEDLINE:99103960
947,MEDLINE:99091536
948,MEDLINE:98295583
949,MEDLINE:98153997
950,MEDLINE:98064072
951,MEDLINE:99169183
952,MEDLINE:99155321
953,MEDLINE:99139903
954,MEDLINE:99135975
955,MEDLINE:99113717
956,MEDLINE:99101524
957,MEDLINE:99081619
958,MEDLINE:98209796
959,MEDLINE:98147373
960,MEDLINE:98104482
961,MEDLINE:99161866
962,MEDLINE:99148535
963,MEDLINE:99141282
964,MEDLINE:99135866
965,MEDLINE:99115544
966,MEDLINE:99101510
967,MEDLINE:99080869
968,MEDLINE:98209755
969,MEDLINE:98144699
970,MEDLINE:98104477
971,MEDLINE:98090595
972,MEDLINE:98038798
973,MEDLINE:98051057
974,MEDLINE:98024176
975,MEDLINE:98012234
976,MEDLINE:98001396
977,MEDLINE:98025882
978,MEDLINE:97461470
979,MEDLINE:97456880
980,MEDLINE:98090689
981,MEDLINE:98043822
982,MEDLINE:98056814
983,MEDLINE:98019986
984,MEDLINE:98011518
985,MEDLINE:98001571
986,MEDLINE:97450830
987,MEDLINE:97462662
988,MEDLINE:97457067
989,MEDLINE:97442480
990,MEDLINE:98104469
991,MEDLINE:98089072
992,MEDLINE:98038749
993,MEDLINE:98049829
994,MEDLINE:98022968
995,MEDLINE:98012230
996,MEDLINE:98001378
997,MEDLINE:98018399
998,MEDLINE:97461450
999,MEDLINE:97454876
1000,MEDLINE:98104462
1001,MEDLINE:98089069
1002,MEDLINE:98074940
1003,MEDLINE:98037648
1004,MEDLINE:98022722
1005,MEDLINE:98005040
1006,MEDLINE:98001375
1007,MEDLINE:97475199
1008,MEDLINE:97459703
1009,MEDLINE:97450986
1010,MEDLINE:98104459
1011,MEDLINE:98087405
1012,MEDLINE:98074810
1013,MEDLINE:98034220
1014,MEDLINE:98022792
1015,MEDLINE:97469932
1016,MEDLINE:98000233
1017,MEDLINE:97476217
1018,MEDLINE:97460018
1019,MEDLINE:97449280
1020,MEDLINE:98104456
1021,MEDLINE:98080700
1022,MEDLINE:98068683
1023,MEDLINE:98031856
1024,MEDLINE:98014713
1025,MEDLINE:97465516
1026,MEDLINE:98001085
1027,MEDLINE:97472344
1028,MEDLINE:97460074
1029,MEDLINE:97444155
1030,MEDLINE:98104455
1031,MEDLINE:98079330
1032,MEDLINE:98062932
1033,MEDLINE:98031743
1034,MEDLINE:98019162
1035,MEDLINE:97467112
1036,MEDLINE:98000963
1037,MEDLINE:98018275
1038,MEDLINE:97459950
1039,MEDLINE:97445684
1040,MEDLINE:98101496
1041,MEDLINE:98077369
1042,MEDLINE:98063340
1043,MEDLINE:98030550
1044,MEDLINE:98013637
1045,MEDLINE:98006327
1046,MEDLINE:98001728
1047,MEDLINE:98018226
1048,MEDLINE:97458245
1049,MEDLINE:97445683
1050,MEDLINE:98101492
1051,MEDLINE:98045094
1052,MEDLINE:98062912
1053,MEDLINE:98030794
1054,MEDLINE:98062995
1055,MEDLINE:97451158
1056,MEDLINE:98001686
1057,MEDLINE:97468093
1058,MEDLINE:97458236
1059,MEDLINE:97445128
1060,MEDLINE:98099332
1061,MEDLINE:98042055
1062,MEDLINE:98058835
1063,MEDLINE:98028550
1064,MEDLINE:98012705
1065,MEDLINE:98003050
1066,MEDLINE:97480711
1067,MEDLINE:97462740
1068,MEDLINE:97456516
1069,MEDLINE:97445071
1070,MEDLINE:97400349
1071,MEDLINE:97383366
1072,MEDLINE:97366676
1073,MEDLINE:97379649
1074,MEDLINE:97342608
1075,MEDLINE:97326105
1076,MEDLINE:97307606
1077,MEDLINE:97289591
1078,MEDLINE:97344875
1079,MEDLINE:97281772
1080,MEDLINE:97407922
1081,MEDLINE:97384936
1082,MEDLINE:97375347
1083,MEDLINE:97387731
1084,MEDLINE:97342767
1085,MEDLINE:97315348
1086,MEDLINE:97309442
1087,MEDLINE:97293200
1088,MEDLINE:97277292
1089,MEDLINE:97287044
1090,MEDLINE:97436422
1091,MEDLINE:97420486
1092,MEDLINE:97379394
1093,MEDLINE:97398336
1094,MEDLINE:97377031
1095,MEDLINE:97342603
1096,MEDLINE:97334204
1097,MEDLINE:97307577
1098,MEDLINE:97289574
1099,MEDLINE:97338567
1100,MEDLINE:97426442
1101,MEDLINE:97423557
1102,MEDLINE:97378061
1103,MEDLINE:97379437
1104,MEDLINE:97344237
1105,MEDLINE:97332417
1106,MEDLINE:97333610
1107,MEDLINE:97292307
1108,MEDLINE:97289567
1109,MEDLINE:97321386
1110,MEDLINE:97449161
1111,MEDLINE:97423536
1112,MEDLINE:97378046
1113,MEDLINE:97361636
1114,MEDLINE:97367500
1115,MEDLINE:97349094
1116,MEDLINE:97322395
1117,MEDLINE:97284012
1118,MEDLINE:97277179
1119,MEDLINE:97318898
1120,MEDLINE:97422566
1121,MEDLINE:97423508
1122,MEDLINE:97378015
1123,MEDLINE:97362276
1124,MEDLINE:97361882
1125,MEDLINE:97335975
1126,MEDLINE:97322372
1127,MEDLINE:97306366
1128,MEDLINE:97289761
1129,MEDLINE:97317585
1130,MEDLINE:97404663
1131,MEDLINE:97415553
1132,MEDLINE:97377998
1133,MEDLINE:97362232
1134,MEDLINE:97358178
1135,MEDLINE:97335974
1136,MEDLINE:97322371
1137,MEDLINE:97334360
1138,MEDLINE:97289747
1139,MEDLINE:97312374
1140,MEDLINE:97404655
1141,MEDLINE:97410435
1142,MEDLINE:97376857
1143,MEDLINE:97362321
1144,MEDLINE:97355572
1145,MEDLINE:97335966
1146,MEDLINE:97311087
1147,MEDLINE:97303223
1148,MEDLINE:97324097
1149,MEDLINE:97304524
1150,MEDLINE:97419190
1151,MEDLINE:97402252
1152,MEDLINE:97376853
1153,MEDLINE:97394399
1154,MEDLINE:97362375
1155,MEDLINE:97334241
1156,MEDLINE:97330829
1157,MEDLINE:97314059
1158,MEDLINE:97296314
1159,MEDLINE:97294025
1160,MEDLINE:97407957
1161,MEDLINE:97385069
1162,MEDLINE:97376852
1163,MEDLINE:97390710
1164,MEDLINE:97353010
1165,MEDLINE:97330981
1166,MEDLINE:97315062
1167,MEDLINE:97296513
1168,MEDLINE:97277320
1169,MEDLINE:97289433
1170,MEDLINE:97269040
1171,MEDLINE:97353023
1172,MEDLINE:97234679
1173,MEDLINE:97228139
1174,MEDLINE:97276922
1175,MEDLINE:97210575
1176,MEDLINE:97239596
1177,MEDLINE:97205502
1178,MEDLINE:97166081
1179,MEDLINE:97162234
1180,MEDLINE:97269081
1181,MEDLINE:97353026
1182,MEDLINE:97248268
1183,MEDLINE:97225991
1184,MEDLINE:97276992
1185,MEDLINE:97214626
1186,MEDLINE:97184448
1187,MEDLINE:97265687
1188,MEDLINE:97167598
1189,MEDLINE:97167569
1190,MEDLINE:97276819
1191,MEDLINE:97263762
1192,MEDLINE:97298895
1193,MEDLINE:97255754
1194,MEDLINE:97211823
1195,MEDLINE:97230366
1196,MEDLINE:97209374
1197,MEDLINE:97218151
1198,MEDLINE:97228922
1199,MEDLINE:97166066
1200,MEDLINE:97276784
1201,MEDLINE:97263535
1202,MEDLINE:97278840
1203,MEDLINE:98145608
1204,MEDLINE:97207294
1205,MEDLINE:97234588
1206,MEDLINE:97184601
1207,MEDLINE:97223498
1208,MEDLINE:97209911
1209,MEDLINE:97153026
1210,MEDLINE:97275156
1211,MEDLINE:97261995
1212,MEDLINE:97276939
1213,MEDLINE:97251018
1214,MEDLINE:97197832
1215,MEDLINE:97249714
1216,MEDLINE:97184561
1217,MEDLINE:97180731
1218,MEDLINE:97205231
1219,MEDLINE:97170874
1220,MEDLINE:97275148
1221,MEDLINE:97268616
1222,MEDLINE:97276244
1223,MEDLINE:97213977
1224,MEDLINE:97197910
1225,MEDLINE:97242104
1226,MEDLINE:97184542
1227,MEDLINE:97186415
1228,MEDLINE:97199263
1229,MEDLINE:97170849
1230,MEDLINE:97272160
1231,MEDLINE:97288306
1232,MEDLINE:97276226
1233,MEDLINE:97282709
1234,MEDLINE:97217364
1235,MEDLINE:97230346
1236,MEDLINE:97184478
1237,MEDLINE:97218076
1238,MEDLINE:97199262
1239,MEDLINE:97159684
1240,MEDLINE:97277252
1241,MEDLINE:97248576
1242,MEDLINE:97274642
1243,MEDLINE:97222140
1244,MEDLINE:97300635
1245,MEDLINE:97228330
1246,MEDLINE:97184469
1247,MEDLINE:97188782
1248,MEDLINE:97189104
1249,MEDLINE:97153085
1250,MEDLINE:97265379
1251,MEDLINE:97353180
1252,MEDLINE:97219997
1253,MEDLINE:97226013
1254,MEDLINE:97300620
1255,MEDLINE:97236919
1256,MEDLINE:97184463
1257,MEDLINE:97332608
1258,MEDLINE:97184665
1259,MEDLINE:97180928
1260,MEDLINE:97248400
1261,MEDLINE:97353114
1262,MEDLINE:97240797
1263,MEDLINE:97226001
1264,MEDLINE:97218353
1265,MEDLINE:97216066
1266,MEDLINE:97184462
1267,MEDLINE:97281244
1268,MEDLINE:97176699
1269,MEDLINE:97158624
1270,MEDLINE:97343293
1271,MEDLINE:97154704
1272,MEDLINE:99126331
1273,MEDLINE:99097434
1274,MEDLINE:99077502
1275,MEDLINE:99074403
1276,MEDLINE:99060915
1277,MEDLINE:99054996
1278,MEDLINE:99045415
1279,MEDLINE:99034605
1280,MEDLINE:97148606
1281,MEDLINE:97288734
1282,MEDLINE:97138389
1283,MEDLINE:99121740
1284,MEDLINE:99090715
1285,MEDLINE:99075480
1286,MEDLINE:99069401
1287,MEDLINE:99061768
1288,MEDLINE:99055586
1289,MEDLINE:99041401
1290,MEDLINE:97150708
1291,MEDLINE:97261053
1292,MEDLINE:97134898
1293,MEDLINE:99119105
1294,MEDLINE:99092484
1295,MEDLINE:99075977
1296,MEDLINE:99067836
1297,MEDLINE:99059495
1298,MEDLINE:99049838
1299,MEDLINE:99041167
1300,MEDLINE:97150707
1301,MEDLINE:97259535
1302,MEDLINE:97132947
1303,MEDLINE:99111421
1304,MEDLINE:99089911
1305,MEDLINE:99073952
1306,MEDLINE:99065132
1307,MEDLINE:99061637
1308,MEDLINE:99049827
1309,MEDLINE:99069282
1310,MEDLINE:97429889
1311,MEDLINE:97205335
1312,MEDLINE:97131727
1313,MEDLINE:99101008
1314,MEDLINE:99087711
1315,MEDLINE:99074319
1316,MEDLINE:99064961
1317,MEDLINE:99057097
1318,MEDLINE:99049801
1319,MEDLINE:99039380
1320,MEDLINE:97362594
1321,MEDLINE:97196961
1322,MEDLINE:99321124
1323,MEDLINE:99098435
1324,MEDLINE:99086128
1325,MEDLINE:99071844
1326,MEDLINE:99065678
1327,MEDLINE:99054659
1328,MEDLINE:99048705
1329,MEDLINE:99038208
1330,MEDLINE:97364688
1331,MEDLINE:97196870
1332,MEDLINE:99201818
1333,MEDLINE:99096304
1334,MEDLINE:99083144
1335,MEDLINE:99070073
1336,MEDLINE:98168578
1337,MEDLINE:99057586
1338,MEDLINE:99047055
1339,MEDLINE:99038200
1340,MEDLINE:97360262
1341,MEDLINE:97148782
1342,MEDLINE:99169427
1343,MEDLINE:99097163
1344,MEDLINE:99077519
1345,MEDLINE:99070060
1346,MEDLINE:99060929
1347,MEDLINE:99058080
1348,MEDLINE:99047534
1349,MEDLINE:99034460
1350,MEDLINE:97358652
1351,MEDLINE:97155934
1352,MEDLINE:99149869
1353,MEDLINE:99097447
1354,MEDLINE:99077509
1355,MEDLINE:99074502
1356,MEDLINE:99060916
1357,MEDLINE:99057540
1358,MEDLINE:99047525
1359,MEDLINE:99032541
1360,MEDLINE:99015774
1361,MEDLINE:99008506
1362,MEDLINE:99003459
1363,MEDLINE:98438540
1364,MEDLINE:98426236
1365,MEDLINE:98414619
1366,MEDLINE:98400847
1367,MEDLINE:98389282
1368,MEDLINE:98380997
1369,MEDLINE:98373989
1370,MEDLINE:99021680
1371,MEDLINE:99008517
1372,MEDLINE:99003230
1373,MEDLINE:98440543
1374,MEDLINE:98426244
1375,MEDLINE:98414302
1376,MEDLINE:98401161
1377,MEDLINE:98389427
1378,MEDLINE:98379695
1379,MEDLINE:98376488
1380,MEDLINE:99032837
1381,MEDLINE:99016857
1382,MEDLINE:99008372
1383,MEDLINE:98455230
1384,MEDLINE:98438501
1385,MEDLINE:98422270
1386,MEDLINE:98413772
1387,MEDLINE:98397262
1388,MEDLINE:98390872
1389,MEDLINE:98380286
1390,MEDLINE:99030136
1391,MEDLINE:99018025
1392,MEDLINE:99008340
1393,MEDLINE:98455033
1394,MEDLINE:98435936
1395,MEDLINE:98418492
1396,MEDLINE:98407711
1397,MEDLINE:98400938
1398,MEDLINE:98391735
1399,MEDLINE:98380268
1400,MEDLINE:99025966
1401,MEDLINE:99010987
1402,MEDLINE:99006780
1403,MEDLINE:98451426
1404,MEDLINE:98438422
1405,MEDLINE:98421396
1406,MEDLINE:98405747
1407,MEDLINE:98395152
1408,MEDLINE:98389801
1409,MEDLINE:98375886
1410,MEDLINE:99023607
1411,MEDLINE:99010726
1412,MEDLINE:99006628
1413,MEDLINE:98451425
1414,MEDLINE:98438586
1415,MEDLINE:98421365
1416,MEDLINE:98403730
1417,MEDLINE:98395103
1418,MEDLINE:98385602
1419,MEDLINE:98375865
1420,MEDLINE:99023506
1421,MEDLINE:99014176
1422,MEDLINE:99007753
1423,MEDLINE:98451423
1424,MEDLINE:98438583
1425,MEDLINE:98421363
1426,MEDLINE:98406210
1427,MEDLINE:98395073
1428,MEDLINE:98383419
1429,MEDLINE:98375844
1430,MEDLINE:99023375
1431,MEDLINE:99008553
1432,MEDLINE:99187985
1433,MEDLINE:98439530
1434,MEDLINE:98430664
1435,MEDLINE:98417611
1436,MEDLINE:98406200
1437,MEDLINE:98391036
1438,MEDLINE:98384373
1439,MEDLINE:98375837
1440,MEDLINE:99023364
1441,MEDLINE:99008545
1442,MEDLINE:99007236
1443,MEDLINE:98440284
1444,MEDLINE:98437269
1445,MEDLINE:98416180
1446,MEDLINE:98406066
1447,MEDLINE:98391028
1448,MEDLINE:98384235
1449,MEDLINE:98378528
1450,MEDLINE:99023967
1451,MEDLINE:99008520
1452,MEDLINE:99005376
1453,MEDLINE:98438043
1454,MEDLINE:98427848
1455,MEDLINE:98416141
1456,MEDLINE:98400423
1457,MEDLINE:98389481
1458,MEDLINE:98379823
1459,MEDLINE:98378510
1460,MEDLINE:98365377
1461,MEDLINE:98353227
1462,MEDLINE:98343775
1463,MEDLINE:98332778
1464,MEDLINE:98322151
1465,MEDLINE:98313295
1466,MEDLINE:98298224
1467,MEDLINE:98241397
1468,MEDLINE:98281217
1469,MEDLINE:98373923
1470,MEDLINE:98363633
1471,MEDLINE:98352765
1472,MEDLINE:98343423
1473,MEDLINE:98328397
1474,MEDLINE:98322149
1475,MEDLINE:98311520
1476,MEDLINE:98299642
1477,MEDLINE:98282210
1478,MEDLINE:98282482
1479,MEDLINE:98374313
1480,MEDLINE:98361309
1481,MEDLINE:98353313
1482,MEDLINE:98341858
1483,MEDLINE:98326600
1484,MEDLINE:98322148
1485,MEDLINE:98309442
1486,MEDLINE:98290745
1487,MEDLINE:98282206
1488,MEDLINE:98282481
1489,MEDLINE:98374270
1490,MEDLINE:98362153
1491,MEDLINE:98349401
1492,MEDLINE:98339383
1493,MEDLINE:98325368
1494,MEDLINE:98322350
1495,MEDLINE:98305722
1496,MEDLINE:98295832
1497,MEDLINE:98230439
1498,MEDLINE:98282480
1499,MEDLINE:93315600
1500,MEDLINE:93284506
1501,MEDLINE:93262492
1502,MEDLINE:93238864
1503,MEDLINE:93232271
1504,MEDLINE:93322080
1505,MEDLINE:93260875
1506,MEDLINE:93155114
1507,MEDLINE:93289270
1508,MEDLINE:94026053
1509,MEDLINE:93287269
1510,MEDLINE:93294310
1511,MEDLINE:93268332
1512,MEDLINE:93242763
1513,MEDLINE:93278095
1514,MEDLINE:93346062
1515,MEDLINE:93186809
1516,MEDLINE:93152870
1517,MEDLINE:93123257
1518,MEDLINE:94077003
1519,MEDLINE:94031267
1520,MEDLINE:93314685
1521,MEDLINE:93283670
1522,MEDLINE:93266597
1523,MEDLINE:93269273
1524,MEDLINE:93215800
1525,MEDLINE:93264305
1526,MEDLINE:93228833
1527,MEDLINE:93155082
1528,MEDLINE:93189882
1529,MEDLINE:93329079
1530,MEDLINE:93309430
1531,MEDLINE:93286051
1532,MEDLINE:93281652
1533,MEDLINE:94025289
1534,MEDLINE:93209552
1535,MEDLINE:93206138
1536,MEDLINE:93180777
1537,MEDLINE:93233083
1538,MEDLINE:93183827
1539,MEDLINE:93320446
1540,MEDLINE:93307660
1541,MEDLINE:93280143
1542,MEDLINE:93252936
1543,MEDLINE:93253031
1544,MEDLINE:93205400
1545,MEDLINE:93203219
1546,MEDLINE:93180775
1547,MEDLINE:93157335
1548,MEDLINE:93141262
1549,MEDLINE:93300824
1550,MEDLINE:93307152
1551,MEDLINE:93280865
1552,MEDLINE:93246644
1553,MEDLINE:93224733
1554,MEDLINE:93204999
1555,MEDLINE:93211996
1556,MEDLINE:93172387
1557,MEDLINE:93141620
1558,MEDLINE:93135830
1559,MEDLINE:93303626
1560,MEDLINE:93300929
1561,MEDLINE:93279468
1562,MEDLINE:93258811
1563,MEDLINE:93224719
1564,MEDLINE:93204975
1565,MEDLINE:93194832
1566,MEDLINE:93171603
1567,MEDLINE:93124567
1568,MEDLINE:93126354
1569,MEDLINE:97218353
1570,MEDLINE:93363253
1571,MEDLINE:94191916
1572,MEDLINE:93272960
1573,MEDLINE:93292612
1574,MEDLINE:93216805
1575,MEDLINE:93202345
1576,MEDLINE:93194883
1577,MEDLINE:93189564
1578,MEDLINE:93152834
1579,MEDLINE:93228445
1580,MEDLINE:93321228
1581,MEDLINE:94083530
1582,MEDLINE:93276575
1583,MEDLINE:93266777
1584,MEDLINE:93224755
1585,MEDLINE:93275333
1586,MEDLINE:93194904
1587,MEDLINE:93184333
1588,MEDLINE:93145322
1589,MEDLINE:93154317
1590,MEDLINE:93315684
1591,MEDLINE:93324366
1592,MEDLINE:93350203
1593,MEDLINE:93259462
1594,MEDLINE:93241941
1595,MEDLINE:93244226
1596,MEDLINE:93186822
1597,MEDLINE:93152894
1598,MEDLINE:93136418
1599,MEDLINE:94085904
1600,MEDLINE:93246027
1601,MEDLINE:92408021
1602,MEDLINE:93061407
1603,MEDLINE:92318928
1604,MEDLINE:92269839
1605,MEDLINE:92294188
1606,MEDLINE:92193465
1607,MEDLINE:92147648
1608,MEDLINE:92213189
1609,MEDLINE:92109743
1610,MEDLINE:93079901
1611,MEDLINE:93046624
1612,MEDLINE:93085167
1613,MEDLINE:92318932
1614,MEDLINE:93020778
1615,MEDLINE:92320321
1616,MEDLINE:92193472
1617,MEDLINE:92215726
1618,MEDLINE:92135176
1619,MEDLINE:92107162
1620,MEDLINE:93129248
1621,MEDLINE:93077034
1622,MEDLINE:92407982
1623,MEDLINE:92392375
1624,MEDLINE:92317168
1625,MEDLINE:92309248
1626,MEDLINE:92230800
1627,MEDLINE:92176657
1628,MEDLINE:92164748
1629,MEDLINE:92153263
1630,MEDLINE:93129206
1631,MEDLINE:93056505
1632,MEDLINE:93024383
1633,MEDLINE:92366555
1634,MEDLINE:93041375
1635,MEDLINE:92235212
1636,MEDLINE:92185243
1637,MEDLINE:92176633
1638,MEDLINE:92123193
1639,MEDLINE:93153207
1640,MEDLINE:93110357
1641,MEDLINE:93054486
1642,MEDLINE:93018835
1643,MEDLINE:92366521
1644,MEDLINE:93041372
1645,MEDLINE:92378895
1646,MEDLINE:92212930
1647,MEDLINE:92207144
1648,MEDLINE:92195648
1649,MEDLINE:93150054
1650,MEDLINE:93112057
1651,MEDLINE:93114357
1652,MEDLINE:93105477
1653,MEDLINE:92366509
1654,MEDLINE:93012816
1655,MEDLINE:93030402
1656,MEDLINE:92368408
1657,MEDLINE:92156807
1658,MEDLINE:92408125
1659,MEDLINE:93121695
1660,MEDLINE:93101981
1661,MEDLINE:93072349
1662,MEDLINE:93011470
1663,MEDLINE:92378748
1664,MEDLINE:92311659
1665,MEDLINE:92362919
1666,MEDLINE:92255823
1667,MEDLINE:92156797
1668,MEDLINE:92113075
1669,MEDLINE:92367617
1670,MEDLINE:93153017
1671,MEDLINE:93024468
1672,MEDLINE:93024882
1673,MEDLINE:93013114
1674,MEDLINE:92291523
1675,MEDLINE:92244343
1676,MEDLINE:92195320
1677,MEDLINE:92156261
1678,MEDLINE:92134262
1679,MEDLINE:94051535
1680,MEDLINE:93100507
1681,MEDLINE:93066282
1682,MEDLINE:92387536
1683,MEDLINE:92335296
1684,MEDLINE:92260664
1685,MEDLINE:92235036
1686,MEDLINE:92385366
1687,MEDLINE:92186836
1688,MEDLINE:92165059
1689,MEDLINE:93113611
1690,MEDLINE:93087498
1691,MEDLINE:93065212
1692,MEDLINE:92371447
1693,MEDLINE:92331609
1694,MEDLINE:92260679
1695,MEDLINE:92218428
1696,MEDLINE:92251244
1697,MEDLINE:93043110
1698,MEDLINE:92142646
1699,MEDLINE:92224250
1700,MEDLINE:92062170
1701,MEDLINE:92013087
1702,MEDLINE:91361546
1703,MEDLINE:92001749
1704,MEDLINE:91292530
1705,MEDLINE:91248763
1706,MEDLINE:91218850
1707,MEDLINE:91173312
1708,MEDLINE:91246215
1709,MEDLINE:91354520
1710,MEDLINE:92052214
1711,MEDLINE:92038993
1712,MEDLINE:92013023
1713,MEDLINE:91293101
1714,MEDLINE:91266912
1715,MEDLINE:91224990
1716,MEDLINE:91349414
1717,MEDLINE:92314696
1718,MEDLINE:91282927
1719,MEDLINE:91187152
1720,MEDLINE:92112059
1721,MEDLINE:92051383
1722,MEDLINE:92020218
1723,MEDLINE:92020850
1724,MEDLINE:91363265
1725,MEDLINE:91296379
1726,MEDLINE:91221358
1727,MEDLINE:91210272
1728,MEDLINE:91172768
1729,MEDLINE:91110562
1730,MEDLINE:92108417
1731,MEDLINE:92060325
1732,MEDLINE:92042309
1733,MEDLINE:91366165
1734,MEDLINE:91319738
1735,MEDLINE:91237114
1736,MEDLINE:91203899
1737,MEDLINE:91204058
1738,MEDLINE:91159628
1739,MEDLINE:91119580
1740,MEDLINE:92107919
1741,MEDLINE:92052179
1742,MEDLINE:92029620
1743,MEDLINE:91367666
1744,MEDLINE:91292396
1745,MEDLINE:91237803
1746,MEDLINE:91321794
1747,MEDLINE:91184620
1748,MEDLINE:91134976
1749,MEDLINE:91187647
1750,MEDLINE:92223210
1751,MEDLINE:92052106
1752,MEDLINE:92006162
1753,MEDLINE:92031293
1754,MEDLINE:91277630
1755,MEDLINE:91237800
1756,MEDLINE:91347784
1757,MEDLINE:91174087
1758,MEDLINE:91376384
1759,MEDLINE:91236793
1760,MEDLINE:92068245
1761,MEDLINE:92103005
1762,MEDLINE:92179751
1763,MEDLINE:91369589
1764,MEDLINE:91266919
1765,MEDLINE:91291720
1766,MEDLINE:91325181
1767,MEDLINE:91170801
1768,MEDLINE:91376383
1769,MEDLINE:91114695
1770,MEDLINE:92066454
1771,MEDLINE:92265660
1772,MEDLINE:92118719
1773,MEDLINE:92127655
1774,MEDLINE:92049367
1775,MEDLINE:91264362
1776,MEDLINE:91219488
1777,MEDLINE:91184714
1778,MEDLINE:91339573
1779,MEDLINE:91101115
1780,MEDLINE:92052243
1781,MEDLINE:92257680
1782,MEDLINE:92088960
1783,MEDLINE:91351285
1784,MEDLINE:91364264
1785,MEDLINE:91236696
1786,MEDLINE:91217625
1787,MEDLINE:91291757
1788,MEDLINE:91132035
1789,MEDLINE:91094881
1790,MEDLINE:92043714
1791,MEDLINE:92135145
1792,MEDLINE:92022337
1793,MEDLINE:91303691
1794,MEDLINE:92144438
1795,MEDLINE:91239569
1796,MEDLINE:91355651
1797,MEDLINE:91172211
1798,MEDLINE:91117203
1799,MEDLINE:91079577
1800,MEDLINE:91075236
1801,MEDLINE:91125342
1802,MEDLINE:90376424
1803,MEDLINE:91118160
1804,MEDLINE:90293687
1805,MEDLINE:90285430
1806,MEDLINE:90237240
1807,MEDLINE:90206049
1808,MEDLINE:91175478
1809,MEDLINE:91124866
1810,MEDLINE:91065749
1811,MEDLINE:91132900
1812,MEDLINE:90382324
1813,MEDLINE:90381363
1814,MEDLINE:91049522
1815,MEDLINE:91013631
1816,MEDLINE:90242285
1817,MEDLINE:90208323
1818,MEDLINE:90171176
1819,MEDLINE:90161003
1820,MEDLINE:91215472
1821,MEDLINE:91099657
1822,MEDLINE:91043047
1823,MEDLINE:91050279
1824,MEDLINE:91037456
1825,MEDLINE:90287178
1826,MEDLINE:90244395
1827,MEDLINE:90360678
1828,MEDLINE:90255794
1829,MEDLINE:90153985
1830,MEDLINE:92213636
1831,MEDLINE:91092268
1832,MEDLINE:91034184
1833,MEDLINE:91045897
1834,MEDLINE:91028334
1835,MEDLINE:90319091
1836,MEDLINE:90244434
1837,MEDLINE:90337320
1838,MEDLINE:90169371
1839,MEDLINE:90151654
1840,MEDLINE:92107586
1841,MEDLINE:91092266
1842,MEDLINE:91258741
1843,MEDLINE:90375934
1844,MEDLINE:90317911
1845,MEDLINE:91190842
1846,MEDLINE:90346297
1847,MEDLINE:90220600
1848,MEDLINE:90158596
1849,MEDLINE:90254291
1850,MEDLINE:92010096
1851,MEDLINE:91067681
1852,MEDLINE:91035625
1853,MEDLINE:91065527
1854,MEDLINE:90317873
1855,MEDLINE:90319127
1856,MEDLINE:90258907
1857,MEDLINE:90298081
1858,MEDLINE:90244306
1859,MEDLINE:90124644
1860,MEDLINE:91079583
1861,MEDLINE:91164434
1862,MEDLINE:91100449
1863,MEDLINE:91175707
1864,MEDLINE:91041706
1865,MEDLINE:90302010
1866,MEDLINE:91208110
1867,MEDLINE:90199680
1868,MEDLINE:90191722
1869,MEDLINE:90140708
1870,MEDLINE:92077236
1871,MEDLINE:91092267
1872,MEDLINE:90376447
1873,MEDLINE:91016834
1874,MEDLINE:90351381
1875,MEDLINE:90290483
1876,MEDLINE:90292959
1877,MEDLINE:90381807
1878,MEDLINE:90158614
1879,MEDLINE:90205027
1880,MEDLINE:91296472
1881,MEDLINE:91048014
1882,MEDLINE:91098724
1883,MEDLINE:90381353
1884,MEDLINE:90279073
1885,MEDLINE:90278097
1886,MEDLINE:90244394
1887,MEDLINE:90327113
1888,MEDLINE:90277507
1889,MEDLINE:90147621
1890,MEDLINE:91079526
1891,MEDLINE:91036996
1892,MEDLINE:91098050
1893,MEDLINE:90368794
1894,MEDLINE:90279052
1895,MEDLINE:91025498
1896,MEDLINE:90335211
1897,MEDLINE:90299137
1898,MEDLINE:90247097
1899,MEDLINE:90311515
1900,MEDLINE:98038598
1901,MEDLINE:96114389
1902,MEDLINE:96074632
1903,MEDLINE:96068726
1904,MEDLINE:96038894
1905,MEDLINE:96114497
1906,MEDLINE:96009551
1907,MEDLINE:95403468
1908,MEDLINE:95378799
1909,MEDLINE:95372363
1910,MEDLINE:98029486
1911,MEDLINE:96191817
1912,MEDLINE:96074633
1913,MEDLINE:96086826
1914,MEDLINE:96085174
1915,MEDLINE:96288304
1916,MEDLINE:96009559
1917,MEDLINE:95403403
1918,MEDLINE:95382761
1919,MEDLINE:95364954
1920,MEDLINE:91017623
1921,MEDLINE:98005316
1922,MEDLINE:96140672
1923,MEDLINE:96074623
1924,MEDLINE:96063646
1925,MEDLINE:96038813
1926,MEDLINE:96127450
1927,MEDLINE:96001293
1928,MEDLINE:95394931
1929,MEDLINE:95369491
1930,MEDLINE:90188846
1931,MEDLINE:96125073
1932,MEDLINE:96069375
1933,MEDLINE:96070930
1934,MEDLINE:96055115
1935,MEDLINE:96017245
1936,MEDLINE:96157213
1937,MEDLINE:96001288
1938,MEDLINE:95394907
1939,MEDLINE:95368765
1940,MEDLINE:91172250
1941,MEDLINE:96107207
1942,MEDLINE:96072803
1943,MEDLINE:96070929
1944,MEDLINE:96068922
1945,MEDLINE:96017239
1946,MEDLINE:96128660
1947,MEDLINE:96003970
1948,MEDLINE:95391995
1949,MEDLINE:95363941
1950,MEDLINE:91175694
1951,MEDLINE:96134911
1952,MEDLINE:96079922
1953,MEDLINE:96074843
1954,MEDLINE:96379940
1955,MEDLINE:96025857
1956,MEDLINE:95399778
1957,MEDLINE:95399771
1958,MEDLINE:96049646
1959,MEDLINE:96035700
1960,MEDLINE:90173249
1961,MEDLINE:96102041
1962,MEDLINE:96096469
1963,MEDLINE:96096754
1964,MEDLINE:96029754
1965,MEDLINE:96025852
1966,MEDLINE:96062038
1967,MEDLINE:96016217
1968,MEDLINE:97252236
1969,MEDLINE:96091806
1970,MEDLINE:90110496
1971,MEDLINE:96102166
1972,MEDLINE:96096457
1973,MEDLINE:96062305
1974,MEDLINE:96029750
1975,MEDLINE:96025779
1976,MEDLINE:96009612
1977,MEDLINE:96024587
1978,MEDLINE:95386713
1979,MEDLINE:95367587
1980,MEDLINE:92187059
1981,MEDLINE:96356325
1982,MEDLINE:96079009
1983,MEDLINE:96062284
1984,MEDLINE:96054968
1985,MEDLINE:96026328
1986,MEDLINE:96009608
1987,MEDLINE:96017769
1988,MEDLINE:95386516
1989,MEDLINE:95367586
1990,MEDLINE:91175240
1991,MEDLINE:96226053
1992,MEDLINE:96082168
1993,MEDLINE:96062272
1994,MEDLINE:96046572
1995,MEDLINE:96011839
1996,MEDLINE:96009598
1997,MEDLINE:95403454
1998,MEDLINE:95385995
1999,MEDLINE:95370270
