,0.0,0.25,0.5,0.75,1.0
IDF,1117.0618387537907,3.286985701216237,0.34967842369811725,0.0,0.0
ICF,715.4105262714548,2.567566941678444,0.6396092557178953,0.0,0.0
Chi-sq,643.3162345223382,0.0,0.0,0.0,0.0
CG,0.0,0.0,0.6763874629234342,2.194041647280197,233.1067504385062
ICB,0.0,0.0,0.0,0.0,3.099419300449682
DoP,4.077388870343372,0.0,0.0,0.0,0.0
KeyBERT,60.16093749269537,270.5654981238369,308.0246828989521,292.14731818895757,51.22544192098297
KeyLLM,67.2573832378275,293.06494778248384,342.99133370976006,278.9519485502835,70.33991469997672
RICF,0.0,0.3746998799039039,0.0,0.12489995996796797,0.0
